[Header],,,,,,,,,
FileFormatVersion,2,,,,,,
RunName,hiseq_test,,,,,,
InstrumentPlatform,NextSeq,,,,,,
IndexOrientation,Forward,,,,,,
,,,,,,,,,
[Reads],,,,,,,,,
Read1Cycles,26,,,,,,,,,
Read2Cycles,98,,,,,,
,,,,,,,,,
[Sequencing_Settings],,,,,,,
,,,,,,,
[BCLConvert_Settings],,,,,,,
SoftwareVersion,3.8.4,,,,,,
NoLaneSplitting,true,,,,,,
FastqCompressionFormat,gzip,,,,,,
,,,,,,,,,
[BCLConvert_Data],,,,,,,
Sample_ID,index,,,,,,
s1,GGTTTACT,,,,,,
,,,,,,,
[Cloud_Settings],,,,,,,
GeneratedVersion,1.3.0.202111171923,,,,,,
,,,,,,,
[Cloud_Data],,,,,,,
Sample_ID,ProjectName,LibraryName,LibraryPrepKitName,IndexAdapterKitName,I7_Index_ID,Sample_Name,Description,Instrument,Type
s1,p1,s1_SI-P03-C9,,,IDT01,SI-P03-C9,s1,NextSeq,HighOutput_75cycles

